aescamilla = aescamilla <aescamilla@indra.es>
alvaro = alvaro <apg@openshine.com>
cesar = cesar <cesar.garcia.tapia@openshine.com>
dcastellanos = dcastellanos <dcastellanos@indra.es>
lgaldos = lgaldos <lgaldos@eservicios.indra.es>
leo = leo <lzv@novanotio.es>
lgr = lgr <lgrobledo@eservicios.indra.es>
luis = luis <lgrobledo@eservicios.indra.es>
noemi = noemi <nfreirec@indra.es>
jmaria = jmaria <jmgonzalezc@indra.es>
oier = oier <oierblasco@gmail.com>
roberto = roberto <telemaco@openshine.com>
rsantosm = rsantosm <rsantosm@indra.es>
